<?xml version="1.0" encoding="UTF-8"?>
<con:soapui-project id="26af6b9b-b434-4add-8bd5-77bcf115c450" activeEnvironment="Default" name="sampleMockProject" resourceRoot="" soapui-version="5.5.0" abortOnError="false" runType="SEQUENTIAL" xmlns:con="http://eviware.com/soapui/config">
    <con:settings/>
    <con:restMockService id="94aa79e3-f51a-45b1-8337-432620d86c21" port="8080" path="/" host="ADMINRG-2ND1VP5" name="StudentService">
        <con:settings/>
        <con:properties/>
        <con:restMockAction name="/student" method="GET" resourcePath="/student" id="fae0058b-3bce-4f55-8bfc-b1d3bdc530da">
            <con:settings/>
            <con:defaultResponse>allStudent</con:defaultResponse>
            <con:dispatchStyle>SEQUENCE</con:dispatchStyle><con:dispatchPath>/*
    // Script dispatcher is used to select a response based on the incoming request.
    // Here are few examples showing how to match based on path, query param, header and body

    // Match based on path
    def requestPath = mockRequest.getPath()
    log.info "Path: "+ requestPath

    if( requestPath.contains("json") )
    {
    // return the name of the response you want to dispatch
    return "JSON Response"
    }


    // Match based on query parameter
    def queryString = mockRequest.getRequest().getQueryString()
    log.info "QueryString: " + queryString

    if( queryString.contains("stockholm") )
    {
    // return the name of the response you want to dispatch
    return "Response Stockholm"
    }
    else if( queryString.contains("london") )
    {
    // return the name of the response you want to dispatch
    return "Response London"
    }


    // Match based on header
    def acceptEncodingHeaderList = mockRequest.getRequestHeaders().get("Accept-Encoding")
    log.info "AcceptEncoding Header List: " + acceptEncodingHeaderList

    if( acceptEncodingHeaderList.contains("gzip,deflate") )
    {
    // return the name of the response you want to dispatch
    return "GZiped Response"
    }


    // Match based on body
    def requestBody = mockRequest.getRequestContent()
    log.info "Request body: " + requestBody

    if( requestBody.contains("some data") )
    {
    // return the name of the response you want to dispatch
    return "Response N"
    }
    */
</con:dispatchPath><con:response name="allStudent" id="a935f532-2725-4cfb-8201-7ec5715dc3e7" httpResponseStatus="200" mediaType="application/json"><con:settings/><con:script>def default_message="";
    def queryString=mockRequest.getRequest().getQueryString();
    default_message="{\"key\" :"+Math.random()+"}";
    context.setProperty("key",default_message);
    if(queryString!=null){
    log.info "Query String"+queryString
    }
</con:script><con:responseContent>${key}
</con:responseContent></con:response></con:restMockAction></con:restMockService><con:properties/><con:wssContainer/><con:oAuth2ProfileContainer/><con:oAuth1ProfileContainer/><con:sensitiveInformation/></con:soapui-project>